team,rank,country,level,elo,from,to,league
Liverpool,1.0,ENG,1,2008.57446289,2025-03-13,2025-04-02,ENG-Premier League
Arsenal,2.0,ENG,1,1989.15893555,2025-03-13,2025-03-16,ENG-Premier League
Inter,3.0,ITA,1,1954.37548828,2025-03-13,2025-03-16,ITA-Serie A
Real Madrid,4.0,ESP,1,1953.70751953,2025-03-13,2025-03-15,ESP-La Liga
Paris SG,5.0,FRA,1,1951.81555176,2025-03-13,2025-03-16,FRA-Ligue 1
Barcelona,6.0,ESP,1,1932.63842773,2025-03-12,2025-03-16,ESP-La Liga
Bayern,7.0,GER,1,1924.34643555,2025-03-13,2025-03-15,GER-Bundesliga
Man City,8.0,ENG,1,1915.27832031,2025-03-13,2025-03-15,ENG-Premier League
Atletico,9.0,ESP,1,1877.02258301,2025-03-13,2025-03-16,ESP-La Liga
Leverkusen,10.0,GER,1,1873.63696289,2025-03-13,2025-03-16,GER-Bundesliga
Atalanta,11.0,ITA,1,1871.16259766,2025-03-13,2025-03-16,ITA-Serie A
Chelsea,12.0,ENG,1,1845.91931152,2025-03-13,2025-03-13,ENG-Premier League
Napoli,13.0,ITA,1,1838.48986816,2025-03-12,2025-03-16,ITA-Serie A
Newcastle,14.0,ENG,1,1830.54309082,2025-03-13,2025-04-02,ENG-Premier League
Juventus,15.0,ITA,1,1820.57421875,2025-03-12,2025-03-16,ITA-Serie A
Aston Villa,16.0,ENG,1,1815.28491211,2025-03-13,2025-04-02,ENG-Premier League
Crystal Palace,17.0,ENG,1,1802.18701172,2025-03-13,2025-04-02,ENG-Premier League
Roma,18.0,ITA,1,1798.83007812,2025-03-13,2025-03-13,ITA-Serie A
Bournemouth,19.0,ENG,1,1798.46594238,2025-03-13,2025-03-15,ENG-Premier League
Lazio,20.0,ITA,1,1794.00720215,2025-03-13,2025-03-13,ITA-Serie A
Forest,21.0,ENG,1,1793.95544434,2025-03-13,2025-03-15,ENG-Premier League
Tottenham,22.0,ENG,1,1792.00244141,2025-03-13,2025-03-13,ENG-Premier League
Bilbao,23.0,ESP,1,1791.62231445,2025-03-12,2025-03-13,ESP-La Liga
Brighton,24.0,ENG,1,1791.54064941,2025-03-13,2025-03-15,ENG-Premier League
PSV,25.0,NED,1,1790.95507812,2025-03-13,2025-03-15,
Lille,26.0,FRA,1,1783.27587891,2025-03-13,2025-03-15,FRA-Ligue 1
Dortmund,27.0,GER,1,1779.11071777,2025-03-13,2025-03-15,GER-Bundesliga
Sporting,28.0,POR,1,1778.82006836,2025-03-13,2025-03-15,
Milan,29.0,ITA,1,1777.65185547,2025-03-13,2025-03-15,ITA-Serie A
Benfica,30.0,POR,1,1776.5246582,2025-03-13,2025-03-16,
Bologna,31.0,ITA,1,1772.84094238,2025-03-13,2025-03-16,ITA-Serie A
Man United,32.0,ENG,1,1766.85681152,2025-03-13,2025-03-13,ENG-Premier League
Fulham,33.0,ENG,1,1765.87268066,2025-03-13,2025-03-16,ENG-Premier League
Villarreal,34.0,ESP,1,1758.45898438,2025-03-12,2025-03-15,ESP-La Liga
Brentford,35.0,ENG,1,1751.98278809,2025-03-13,2025-03-15,ENG-Premier League
Lyon,36.0,FRA,1,1751.89892578,2025-03-13,2025-03-13,FRA-Ligue 1
Monaco,37.0,FRA,1,1750.86132812,2025-03-13,2025-03-15,FRA-Ligue 1
Everton,38.0,ENG,1,1746.7121582,2025-03-13,2025-03-15,ENG-Premier League
Fiorentina,39.0,ITA,1,1742.99938965,2025-03-12,2025-03-13,ITA-Serie A
Feyenoord,40.0,NED,1,1740.47595215,2025-03-13,2025-03-16,
Marseille,41.0,FRA,1,1738.08337402,2025-03-13,2025-03-16,FRA-Ligue 1
Mainz,42.0,GER,1,1735.07775879,2025-03-13,2025-03-15,GER-Bundesliga
West Ham,43.0,ENG,1,1730.88867188,2025-03-13,2025-03-15,ENG-Premier League
RB Leipzig,44.0,GER,1,1730.33068848,2025-03-13,2025-03-15,GER-Bundesliga
Stuttgart,45.0,GER,1,1721.0090332,2025-03-13,2025-03-16,GER-Bundesliga
Frankfurt,46.0,GER,1,1718.50952148,2025-03-13,2025-03-13,GER-Bundesliga
Ajax,47.0,NED,1,1716.54052734,2025-03-13,2025-03-13,
Torino,48.0,ITA,1,1716.37756348,2025-03-12,2025-03-15,ITA-Serie A
Betis,49.0,ESP,1,1714.49853516,2025-03-12,2025-03-13,ESP-La Liga
Brugge,50.0,BEL,1,1710.42407227,2025-03-13,2025-03-16,
Porto,51.0,POR,1,1708.5526123,2025-03-12,2025-03-15,
Sociedad,52.0,ESP,1,1702.64050293,2025-03-12,2025-03-13,ESP-La Liga
Nice,53.0,FRA,1,1693.17089844,2025-03-13,2025-03-14,FRA-Ligue 1
Wolfsburg,54.0,GER,1,1690.8807373,2025-03-13,2025-03-15,GER-Bundesliga
Sevilla,55.0,ESP,1,1689.69885254,2025-03-13,2025-03-16,ESP-La Liga
Girona,56.0,ESP,1,1688.63146973,2025-03-13,2025-03-15,ESP-La Liga
Leeds,57.0,ENG,2,1687.77868652,2025-03-13,2025-03-15,
Celtic,58.0,SCO,1,1686.22241211,2025-03-13,2025-03-16,
Freiburg,59.0,GER,1,1685.81054688,2025-03-13,2025-03-15,GER-Bundesliga
Fenerbahce,60.0,TUR,1,1684.88415527,2025-03-13,2025-03-13,
Wolves,61.0,ENG,1,1684.80126953,2025-03-13,2025-03-15,ENG-Premier League
Slavia Praha,62.0,CZE,1,1682.22119141,2025-03-13,2025-03-16,
Udinese,63.0,ITA,1,1678.26672363,2025-03-13,2025-03-15,ITA-Serie A
Brest,64.0,FRA,1,1676.81201172,2025-03-13,2025-03-16,FRA-Ligue 1
Strasbourg,65.0,FRA,1,1676.7199707,2025-03-13,2025-03-16,FRA-Ligue 1
Celta,66.0,ESP,1,1675.13195801,2025-03-12,2025-03-15,ESP-La Liga
Galatasaray,67.0,TUR,1,1672.98815918,2025-03-13,2025-03-14,
Burnley,68.0,ENG,2,1671.77661133,2025-03-13,2025-03-15,
Osasuna,69.0,ESP,1,1671.55664062,2025-03-12,2025-03-16,ESP-La Liga
Lens,70.0,FRA,1,1669.05395508,2025-03-13,2025-03-15,FRA-Ligue 1
Getafe,71.0,ESP,1,1668.84594727,2025-03-13,2025-03-16,ESP-La Liga
Genoa,72.0,ITA,1,1667.10534668,2025-03-13,2025-03-14,ITA-Serie A
Toulouse,73.0,FRA,1,1666.73425293,2025-03-13,2025-03-16,FRA-Ligue 1
St Gillis,74.0,BEL,1,1666.234375,2025-03-13,2025-03-15,
Mallorca,75.0,ESP,1,1661.63659668,2025-03-12,2025-03-15,ESP-La Liga
Rayo Vallecano,76.0,ESP,1,1659.60266113,2025-03-12,2025-03-16,ESP-La Liga
Olympiakos,77.0,GRE,1,1655.2833252,2025-03-13,2025-03-13,
Braga,78.0,POR,1,1654.15600586,2025-03-13,2025-03-15,
Augsburg,79.0,GER,1,1653.08642578,2025-03-13,2025-03-15,GER-Bundesliga
Gladbach,80.0,GER,1,1652.9642334,2025-03-13,2025-03-15,GER-Bundesliga
Rennes,81.0,FRA,1,1650.78283691,2025-03-13,2025-03-15,FRA-Ligue 1
Valencia,82.0,ESP,1,1648.22668457,2025-03-12,2025-03-15,ESP-La Liga
Werder,83.0,GER,1,1645.94665527,2025-03-13,2025-03-15,GER-Bundesliga
Sparta Praha,84.0,CZE,1,1644.22058105,2025-03-13,2025-03-15,
Alkmaar,85.0,NED,1,1640.90539551,2025-03-13,2025-03-13,
Bodoe Glimt,86.0,NOR,1,1640.02026367,2025-03-09,2025-03-13,
Zenit,87.0,RUS,1,1635.76379395,2025-03-13,2025-04-09,
Genk,88.0,BEL,1,1634.50183105,2025-03-13,2025-03-15,
Alaves,89.0,ESP,1,1628.39562988,2025-03-12,2025-03-14,ESP-La Liga
Sassuolo,90.0,ITA,2,1626.65087891,2025-03-12,2025-03-15,
Rangers,91.0,SCO,1,1622.59533691,2025-03-09,2025-03-13,
Hoffenheim,92.0,GER,1,1619.14758301,2025-03-13,2025-03-14,GER-Bundesliga
Twente,93.0,NED,1,1618.63598633,2025-03-13,2025-03-16,
Espanyol,94.0,ESP,1,1617.70397949,2025-03-13,2025-03-15,ESP-La Liga
Crvena Zvezda,95.0,SRB,1,1614.64794922,2025-03-09,2025-04-09,
Sheffield United,96.0,ENG,2,1608.94287109,2025-03-13,2025-03-16,
Auxerre,97.0,FRA,1,1605.95715332,2025-03-13,2025-03-14,FRA-Ligue 1
Como,98.0,ITA,1,1604.7088623,2025-03-12,2025-03-15,ITA-Serie A
Cagliari,99.0,ITA,1,1603.79504395,2025-03-12,2025-03-16,ITA-Serie A
Viktoria Plzen,100.0,CZE,1,1603.33190918,2025-03-10,2025-03-13,
Verona,,ITA,1,1597.82385254,2025-03-12,2025-03-15,ITA-Serie A
Guimaraes,,POR,1,1597.1060791,2025-03-12,2025-03-13,
Union Berlin,,GER,1,1596.1204834,2025-03-13,2025-03-15,GER-Bundesliga
FC Krasnodar,,RUS,1,1595.28393555,2025-03-08,2025-04-09,
Leicester,,ENG,1,1593.95300293,2025-03-13,2025-03-16,ENG-Premier League
FC Kobenhavn,,DEN,1,1591.64892578,2025-03-10,2025-03-13,
Empoli,,ITA,1,1590.33374023,2025-03-12,2025-03-15,ITA-Serie A
Anderlecht,,BEL,1,1588.91638184,2025-03-13,2025-03-16,
Las Palmas,,ESP,1,1587.18017578,2025-03-12,2025-03-14,ESP-La Liga
Lecce,,ITA,1,1585.82458496,2025-03-12,2025-03-14,ITA-Serie A
Leganes,,ESP,1,1585.45117188,2025-03-12,2025-03-16,ESP-La Liga
Spartak Moskva,,RUS,1,1582.66674805,2025-03-10,2025-04-09,
Utrecht,,NED,1,1582.4473877,2025-03-13,2025-03-15,
Ipswich,,ENG,1,1581.78979492,2025-03-13,2025-03-15,ENG-Premier League
Levante,,ESP,2,1581.71398926,2025-03-12,2025-03-16,
Midtjylland,,DEN,1,1576.36486816,2025-03-10,2025-03-16,
Gent,,BEL,1,1573.89892578,2025-03-13,2025-03-16,
AEK,,GRE,1,1571.74377441,2025-03-10,2025-04-09,
St Pauli,,GER,1,1571.15014648,2025-03-13,2025-03-14,GER-Bundesliga
Parma,,ITA,1,1569.16320801,2025-03-12,2025-03-15,ITA-Serie A
Monza,,ITA,1,1568.68786621,2025-03-12,2025-03-15,ITA-Serie A
Hamburg,,GER,2,1564.828125,2025-03-13,2025-03-14,
Lorient,,FRA,2,1564.78308105,2025-03-13,2025-03-15,
Reims,,FRA,1,1564.53955078,2025-03-13,2025-03-16,FRA-Ligue 1
Metz,,FRA,2,1564.07312012,2025-03-13,2025-03-15,
Elche,,ESP,2,1562.88244629,2025-03-12,2025-03-14,
Sturm Graz,,AUT,1,1561.92687988,2025-03-10,2025-03-16,
Bochum,,GER,1,1560.65161133,2025-03-13,2025-03-16,GER-Bundesliga
Antwerp,,BEL,1,1557.68188477,2025-03-13,2025-03-16,
West Brom,,ENG,2,1556.90258789,2025-03-13,2025-03-15,
Dynamo Moskva,,RUS,1,1556.8572998,2025-03-09,2025-04-09,
Venezia,,ITA,1,1555.79345703,2025-03-12,2025-03-16,ITA-Serie A
Sunderland,,ENG,2,1555.62231445,2025-03-13,2025-03-15,
Almeria,,ESP,2,1555.20959473,2025-03-12,2025-03-15,
Nantes,,FRA,1,1554.61169434,2025-03-13,2025-03-15,FRA-Ligue 1
Shakhtar,,UKR,1,1552.88708496,2025-03-12,2025-04-09,
CSKA Moskva,,RUS,1,1552.6217041,2025-03-09,2025-04-09,
Huesca,,ESP,2,1551.58984375,2025-03-12,2025-03-16,
Koeln,,GER,2,1551.58947754,2025-03-13,2025-03-15,
Cadiz,,ESP,2,1550.83166504,2025-03-12,2025-03-16,
Salzburg,,AUT,1,1550.50769043,2025-03-10,2025-03-16,
Oviedo,,ESP,2,1550.26647949,2025-03-12,2025-03-14,
Mirandes,,ESP,2,1549.63330078,2025-03-12,2025-03-16,
Nordsjaelland,,DEN,1,1548.66711426,2025-03-08,2025-03-16,
Santander,,ESP,2,1546.87573242,2025-03-12,2025-03-16,
Southampton,,ENG,1,1543.7734375,2025-03-13,2025-03-15,ENG-Premier League
Granada,,ESP,2,1537.61010742,2025-03-12,2025-03-16,
Lok Moskva,,RUS,1,1537.49072266,2025-03-08,2025-04-09,
Spezia,,ITA,2,1536.45153809,2025-03-12,2025-03-15,
Montpellier,,FRA,1,1535.98144531,2025-03-13,2025-03-16,FRA-Ligue 1
Holstein,,GER,1,1535.89660645,2025-03-13,2025-03-16,GER-Bundesliga
Brondby,,DEN,1,1535.0657959,2025-03-11,2025-03-16,
Go Ahead Eagles,,NED,1,1534.76806641,2025-03-13,2025-03-16,
Panathinaikos,,GRE,1,1534.52233887,2025-03-10,2025-03-13,
Steaua,,ROM,1,1533.4543457,2025-03-10,2025-03-13,
Coventry,,ENG,2,1533.43676758,2025-03-13,2025-03-15,
PAOK,,GRE,1,1531.82714844,2025-03-10,2025-04-09,
Heidenheim,,GER,1,1530.57495117,2025-03-13,2025-03-16,GER-Bundesliga
Rakow,,POL,1,1530.41418457,2025-03-09,2025-03-16,
Cremonese,,ITA,2,1528.06237793,2025-03-12,2025-03-14,
Dinamo Zagreb,,CRO,1,1527.9440918,2025-03-10,2025-03-15,
Valladolid,,ESP,1,1527.33068848,2025-03-12,2025-03-15,ESP-La Liga
Middlesbrough,,ENG,2,1524.69421387,2025-03-13,2025-03-15,
Malmoe,,SWE,1,1524.29736328,2025-03-07,2025-04-09,
Paris FC,,FRA,2,1524.0480957,2025-03-13,2025-03-15,
Bristol City,,ENG,2,1523.89770508,2025-03-13,2025-03-14,
Lech,,POL,1,1521.14941406,2025-03-09,2025-03-16,
Angers,,FRA,1,1520.65563965,2025-03-13,2025-03-15,FRA-Ligue 1
Aarhus,,DEN,1,1520.18103027,2025-03-10,2025-03-16,
Pisa,,ITA,2,1520.03198242,2025-03-12,2025-03-15,
M Tel Aviv,,ISR,1,1519.45983887,2025-03-09,2025-03-15,
Jagiellonia,,POL,1,1518.24169922,2025-03-10,2025-03-13,
Duesseldorf,,GER,2,1517.1159668,2025-03-13,2025-03-15,
Brann,,NOR,1,1512.27648926,2025-03-07,2025-04-09,
Eibar,,ESP,2,1511.20117188,2025-03-12,2025-03-15,
Le Havre,,FRA,1,1510.94787598,2025-03-13,2025-03-16,FRA-Ligue 1
Norwich,,ENG,2,1509.6529541,2025-03-13,2025-03-14,
Gijon,,ESP,2,1508.5,2025-03-12,2025-03-15,
Molde,,NOR,1,1507.53393555,2025-03-07,2025-03-13,
Famalicao,,POR,1,1506.20983887,2025-03-12,2025-03-15,
Razgrad,,BUL,1,1505.13708496,2025-03-10,2025-03-15,
Paderborn,,GER,2,1504.87414551,2025-03-13,2025-03-15,
Dynamo Kyiv,,UKR,1,1504.43664551,2025-03-12,2025-04-09,
Banik Ostrava,,CZE,1,1504.15161133,2025-03-10,2025-03-16,
Elfsborg,,SWE,1,1503.49499512,2025-03-07,2025-04-09,
Karabakh Agdam,,AZE,0,1500.29772949,2025-01-31,2025-04-09,
Besiktas,,TUR,1,1498.46435547,2025-03-11,2025-03-15,
Legia,,POL,1,1495.55871582,2025-03-11,2025-03-13,
Maccabi Haifa,,ISR,1,1495.09069824,2025-03-10,2025-04-09,
Sheffield Weds,,ENG,2,1494.75769043,2025-03-13,2025-03-16,
Saint-Etienne,,FRA,1,1494.33544922,2025-03-13,2025-03-16,FRA-Ligue 1
Mechelen,,BEL,1,1492.05029297,2025-03-13,2025-03-16,
Viking,,NOR,1,1491.82739258,2025-03-07,2025-04-09,
Catanzaro,,ITA,2,1489.3302002,2025-03-12,2025-04-09,
Cercle Brugge,,BEL,1,1488.63061523,2025-03-13,2025-03-13,
Hannover,,GER,2,1488.29980469,2025-03-13,2025-03-14,
Beer-Sheva,,ISR,1,1488.08728027,2025-03-11,2025-03-15,
Young Boys,,SUI,1,1487.35107422,2025-03-09,2025-03-16,
Cordoba,,ESP,2,1485.52124023,2025-03-12,2025-03-15,
Watford,,ENG,2,1484.6237793,2025-03-13,2025-03-15,
Austria Wien,,AUT,1,1484.32177734,2025-03-10,2025-03-16,
Preston,,ENG,2,1483.96850586,2025-03-13,2025-03-15,
Hull,,ENG,2,1483.95812988,2025-03-13,2025-03-15,
Magdeburg,,GER,2,1483.69641113,2025-03-13,2025-03-14,
Nijmegen,,NED,1,1483.2869873,2025-03-13,2025-03-15,
Depor,,ESP,2,1483.26806641,2025-03-12,2025-03-17,
Servette,,SUI,1,1483.06787109,2025-03-10,2025-03-15,
Arouca,,POR,1,1482.87329102,2025-03-12,2025-03-16,
Casa Pia,,POR,1,1481.94677734,2025-03-12,2025-03-16,
Randers,,DEN,1,1481.69494629,2025-03-11,2025-03-16,
Rostov,,RUS,1,1481.48303223,2025-03-09,2025-04-09,
Hammarby,,SWE,1,1479.96362305,2025-03-07,2025-04-09,
Albacete,,ESP,2,1479.84155273,2025-03-12,2025-03-15,
Charleroi,,BEL,1,1479.73596191,2025-03-13,2025-03-16,
Millwall,,ENG,2,1478.12817383,2025-03-13,2025-03-15,
Hajduk,,CRO,1,1474.21313477,2025-03-10,2025-03-16,
Palermo,,ITA,2,1473.54223633,2025-03-12,2025-03-14,
Blackburn,,ENG,2,1473.36035156,2025-03-13,2025-03-15,
Lautern,,GER,2,1472.86157227,2025-03-13,2025-03-15,
Paphos,,CYP,0,1472.23828125,2025-03-07,2025-03-13,
Karlsruhe,,GER,2,1471.50939941,2025-03-13,2025-03-16,
Burgos,,ESP,2,1470.0078125,2025-03-12,2025-03-15,
Basel,,SUI,1,1469.84729004,2025-03-10,2025-03-16,
Rio Ave,,POR,1,1468.9453125,2025-03-12,2025-03-16,
Leuven,,BEL,1,1468.57312012,2025-03-13,2025-03-16,
Bari,,ITA,2,1468.51477051,2025-03-12,2025-03-15,
Frosinone,,ITA,2,1467.57055664,2025-03-12,2025-03-15,
Rosenborg,,NOR,1,1467.42492676,2025-03-07,2025-04-09,
CFR Cluj,,ROM,1,1467.29772949,2025-03-10,2025-03-15,
Pogon,,POL,1,1465.3815918,2025-03-08,2025-03-14,
Zaragoza,,ESP,2,1464.82043457,2025-03-12,2025-03-15,
Ferencvaros,,HUN,1,1464.77575684,2025-03-10,2025-04-09,
QPR,,ENG,2,1463.80688477,2025-03-13,2025-03-15,
Sparta Rotterdam,,NED,1,1462.68530273,2025-03-13,2025-03-15,
Malaga,,ESP,2,1462.67651367,2025-03-12,2025-03-15,
Moreirense,,POR,1,1462.30700684,2025-03-12,2025-03-16,
Djurgarden,,SWE,1,1462.23132324,2025-03-07,2025-03-13,
Rijeka,,CRO,1,1461.84130859,2025-03-08,2025-03-16,
Rapid Wien,,AUT,1,1460.484375,2025-03-10,2025-03-13,
Darmstadt,,GER,2,1459.86499023,2025-03-13,2025-03-15,
Elversberg,,GER,2,1459.65039062,2025-03-13,2025-03-15,
St Truiden,,BEL,1,1459.28479004,2025-03-13,2025-03-16,
Schalke,,GER,2,1457.99267578,2025-03-13,2025-03-14,
Silkeborg,,DEN,1,1457.32543945,2025-03-10,2025-03-16,
Swansea,,ENG,2,1457.12817383,2025-03-13,2025-03-15,
Guingamp,,FRA,2,1456.16455078,2025-03-13,2025-03-14,
Estoril,,POR,1,1455.13317871,2025-03-12,2025-03-16,
Castellon,,ESP,2,1454.7401123,2025-03-12,2025-03-17,
Sampdoria,,ITA,2,1454.44677734,2025-03-12,2025-04-09,
Heerenveen,,NED,1,1453.57287598,2025-03-13,2025-03-15,
Standard,,BEL,1,1450.50500488,2025-03-13,2025-03-16,
Westerlo,,BEL,1,1450.40368652,2025-03-13,2025-03-16,
Bueyueksehir,,TUR,1,1450.01330566,2025-03-09,2025-03-15,
Santa Clara,,POR,1,1448.29541016,2025-03-12,2025-03-15,
Luton,,ENG,2,1447.9486084,2025-03-13,2025-03-15,
Cesena,,ITA,2,1447.22998047,2025-03-12,2025-03-15,
Suedtirol,,ITA,2,1444.04394531,2025-03-12,2025-04-09,
Portsmouth,,ENG,2,1444.03198242,2025-03-13,2025-03-15,
Rubin Kazan,,RUS,1,1443.58215332,2025-03-10,2025-04-09,
Modena,,ITA,2,1443.47705078,2025-03-12,2025-03-15,
Wolfsberg,,AUT,1,1443.28027344,2025-03-10,2025-03-16,
Stoke,,ENG,2,1442.54248047,2025-03-13,2025-03-15,
Bastia,,FRA,2,1441.97607422,2025-03-13,2025-03-15,
Eldense,,ESP,2,1441.7722168,2025-03-12,2025-03-16,
Dunkerque,,FRA,2,1440.93457031,2025-03-13,2025-03-15,
Trabzonspor,,TUR,1,1439.93676758,2025-03-09,2025-03-15,
Juve Stabia,,ITA,2,1439.28417969,2025-03-12,2025-03-15,
Salernitana,,ITA,2,1437.93395996,2025-03-12,2025-03-15,
Nuernberg,,GER,2,1436.92248535,2025-03-13,2025-03-16,
Sittard,,NED,1,1436.4005127,2025-03-13,2025-03-16,
Olimpija Ljubljana,,SVN,1,1434.91040039,2025-03-13,2025-04-09,
Zwolle,,NED,1,1434.54626465,2025-03-13,2025-03-15,
Piast Gliwice,,POL,1,1432.64916992,2025-03-09,2025-03-16,
Larnaca,,CYP,0,1431.42419434,2025-03-07,2025-04-09,
Laval,,FRA,2,1430.77197266,2025-03-13,2025-03-15,
Troyes,,FRA,2,1430.7454834,2025-03-13,2025-03-14,
AIK,,SWE,1,1430.46569824,2025-03-07,2025-04-09,
Omonia,,CYP,0,1430.15393066,2025-03-07,2025-04-09,
Gornik,,POL,1,1430.06555176,2025-03-10,2025-03-15,
Rodez,,FRA,2,1429.99255371,2025-03-13,2025-03-14,
Gil Vicente,,POR,1,1429.98376465,2025-03-12,2025-03-15,
Aris,,GRE,1,1429.80126953,2025-03-10,2025-04-09,
Jablonec,,CZE,1,1429.30065918,2025-03-09,2025-03-16,
Fuerth,,GER,2,1428.4810791,2025-03-13,2025-03-16,
Samsunspor,,TUR,1,1427.5012207,2025-03-10,2025-03-16,
Lugano,,SUI,1,1426.75341797,2025-03-10,2025-03-13,
Craiova,,ROM,1,1425.38317871,2025-03-10,2025-03-14,
Mlada Boleslav,,CZE,1,1424.41967773,2025-03-10,2025-03-15,
Brescia,,ITA,2,1423.484375,2025-03-12,2025-03-15,
LASK,,AUT,1,1422.3737793,2025-03-10,2025-03-16,
Cracovia,,POL,1,1422.0020752,2025-03-09,2025-03-14,
StGallen,,SUI,1,1421.94934082,2025-03-09,2025-03-15,
Hertha,,GER,2,1421.87060547,2025-03-13,2025-03-16,
Tenerife,,ESP,2,1421.40087891,2025-03-12,2025-03-16,
Nacional,,POR,1,1420.9276123,2025-03-12,2025-03-16,
Viborg,,DEN,1,1419.93969727,2025-03-10,2025-03-16,
Clermont,,FRA,2,1419.29125977,2025-03-13,2025-03-14,
Cardiff,,ENG,2,1416.85876465,2025-03-13,2025-03-15,
Mjaellby,,SWE,1,1412.57507324,2025-03-07,2025-04-09,
Haecken,,SWE,1,1411.12426758,2025-03-07,2025-04-09,
Luzern,,SUI,1,1408.54858398,2025-03-10,2025-03-15,
Hearts,,SCO,1,1408.38037109,2025-03-07,2025-03-15,
Hibernian,,SCO,1,1408.35437012,2025-03-07,2025-03-15,
Sigma Olomouc,,CZE,1,1408.23901367,2025-03-10,2025-03-16,
Slovan Bratislava,,SLK,0,1408.17736816,2025-01-30,2025-04-09,
Heracles,,NED,1,1407.89526367,2025-03-13,2025-03-15,
Oxford,,ENG,2,1407.71887207,2025-03-13,2025-03-15,
Annecy,,FRA,2,1407.0760498,2025-03-13,2025-03-14,
Puskas Akademia,,HUN,1,1405.85644531,2025-03-10,2025-04-09,
APOEL,,CYP,0,1405.65161133,2025-03-07,2025-04-09,
Kasimpasa,,TUR,1,1405.35339355,2025-03-08,2025-03-15,
Hradec Kralove,,CZE,1,1404.41625977,2025-03-10,2025-03-16,
Derby,,ENG,2,1404.0032959,2025-03-13,2025-03-15,
Zuerich,,SUI,1,1403.94848633,2025-03-10,2025-03-15,
Grenoble,,FRA,2,1402.17175293,2025-03-13,2025-03-14,
Groningen,,NED,1,1400.77197266,2025-03-13,2025-03-16,
Reggiana,,ITA,2,1399.53344727,2025-03-12,2025-04-09,
Alanyaspor,,TUR,1,1396.99328613,2025-03-10,2025-03-15,
Slovan Liberec,,CZE,1,1396.93688965,2025-03-09,2025-03-15,
Carrarese,,ITA,2,1396.81201172,2025-03-12,2025-04-09,
AVS Futebol,,POR,1,1396.47631836,2025-03-12,2025-03-15,
Eyupspor,,TUR,1,1395.60241699,2025-03-10,2025-03-16,
Mantova,,ITA,2,1394.93823242,2025-03-12,2025-03-15,
Plymouth,,ENG,2,1394.83959961,2025-03-13,2025-03-15,
Cosenza,,ITA,2,1393.67797852,2025-03-12,2025-04-09,
Kryliya Sovetov,,RUS,1,1393.12023926,2025-03-10,2025-04-09,
Rapid Bucuresti,,ROM,1,1392.35107422,2025-03-09,2025-03-16,
Estrela Amadora,,POR,1,1390.64453125,2025-03-12,2025-03-16,
Cittadella,,ITA,2,1389.65466309,2025-03-12,2025-03-15,
Tromso,,NOR,1,1388.49963379,2025-03-07,2025-04-09,
Lausanne,,SUI,1,1387.79467773,2025-03-09,2025-03-15,
Gaziantep FK,,TUR,1,1387.62255859,2025-03-11,2025-03-15,
Terek Grozny,,RUS,1,1387.53295898,2025-03-08,2025-04-09,
Maribor,,SVN,1,1387.52905273,2025-03-13,2025-04-09,
Waalwijk,,NED,1,1387.38415527,2025-03-13,2025-03-15,
Farense,,POR,1,1385.18322754,2025-03-12,2025-03-15,
Pau,,FRA,2,1385.11474609,2025-03-13,2025-03-14,
Hartberg,,AUT,1,1384.08435059,2025-03-10,2025-03-16,
Ajaccio,,FRA,2,1383.52697754,2025-03-13,2025-03-14,
Fredrikstad,,NOR,1,1383.12878418,2025-03-07,2025-04-09,
Korona,,POL,1,1380.66906738,2025-03-08,2025-03-16,
Dender,,BEL,1,1379.47949219,2025-03-13,2025-03-16,
Paksi,,HUN,1,1379.39941406,2025-03-09,2025-03-14,
Levski,,BUL,1,1379.30078125,2025-03-10,2025-03-16,
Ferrol,,ESP,2,1377.59960938,2025-03-12,2025-03-15,
Universitatea Cluj,,ROM,1,1377.06030273,2025-03-08,2025-03-14,
Sheriff Tiraspol,,MOL,0,1376.75268555,2025-01-01,2025-04-09,
Sarpsborg,,NOR,1,1376.6394043,2025-03-07,2025-04-09,
Breda,,NED,1,1375.80200195,2025-03-13,2025-03-14,
Trnava,,SLK,0,1375.41503906,2025-01-30,2025-04-09,
IK Sirius,,SWE,1,1374.82507324,2025-03-07,2025-04-09,
Goeztepe,,TUR,1,1373.44287109,2025-03-10,2025-03-16,
Stromsgodset,,NOR,1,1371.69689941,2025-03-07,2025-04-09,
Red Star,,FRA,2,1370.76367188,2025-03-13,2025-03-14,
Braunschweig,,GER,2,1369.58203125,2025-03-13,2025-03-16,
Ruzomberok,,SLK,0,1369.51281738,2025-01-30,2025-04-09,
Antalyaspor,,TUR,1,1369.13366699,2025-03-09,2025-03-14,
Rizespor,,TUR,1,1368.41552734,2025-03-09,2025-03-16,
Konyaspor,,TUR,1,1368.2322998,2025-03-10,2025-03-15,
Sivasspor,,TUR,1,1368.02099609,2025-03-10,2025-03-16,
Muenster,,GER,2,1367.70910645,2025-03-13,2025-03-15,
Willem II,,NED,1,1367.67199707,2025-03-13,2025-03-16,
Katowice,,POL,1,1366.55554199,2025-03-10,2025-03-15,
Olexandriya,,UKR,1,1364.67199707,2025-03-12,2025-04-09,
Lok Zagreb,,CRO,1,1363.53417969,2025-03-09,2025-03-15,
Cherno More,,BUL,1,1363.23632812,2025-03-09,2025-03-15,
Hapoel Haifa,,ISR,1,1362.35998535,2025-03-09,2025-03-15,
Sepsi,,ROM,1,1361.97875977,2025-03-09,2025-03-17,
Osijek,,CRO,1,1360.89733887,2025-03-09,2025-03-16,
Slovacko,,CZE,1,1360.68481445,2025-03-09,2025-03-15,
Celje,,SVN,1,1359.30371094,2025-03-10,2025-03-13,
Amiens,,FRA,2,1359.25793457,2025-03-13,2025-03-14,
Beitar,,ISR,1,1359.16918945,2025-03-11,2025-04-09,
Partizan,,SRB,1,1358.56176758,2025-03-09,2025-04-09,
Akron Togliatti,,RUS,1,1358.19958496,2025-03-10,2025-04-09,
Ulm,,GER,2,1357.5390625,2025-03-13,2025-03-16,
Fakel Voronezh,,RUS,1,1355.10852051,2025-03-09,2025-04-09,
Bohemians Praha,,CZE,1,1354.68225098,2025-03-10,2025-03-15,
FK Astana,,KAZ,0,1354.60595703,2025-01-01,2025-04-09,
Cartagena,,ESP,2,1350.47814941,2025-03-12,2025-03-15,
Slask,,POL,1,1350.10229492,2025-03-08,2025-03-15,
Motor Lublin,,POL,1,1350.00976562,2025-03-11,2025-03-15,
Caen,,FRA,2,1349.69213867,2025-03-13,2025-03-14,
Radomiak,,POL,1,1349.53820801,2025-03-09,2025-03-14,
Dinamo Bucuresti,,ROM,1,1348.52233887,2025-03-11,2025-03-15,
Kayseri,,TUR,1,1348.1151123,2025-03-09,2025-03-15,
Almere,,NED,1,1348.09387207,2025-03-13,2025-03-14,
Boavista,,POR,1,1346.39489746,2025-03-12,2025-03-16,
BW Linz,,AUT,1,1346.13452148,2025-03-10,2025-03-16,
Teplice,,CZE,1,1345.29992676,2025-03-09,2025-03-15,
Orenburg,,RUS,1,1344.20166016,2025-03-09,2025-04-09,
Kortrijk,,BEL,1,1341.25292969,2025-03-13,2025-03-16,
Lyngby,,DEN,1,1341.17016602,2025-03-10,2025-03-16,
Sandefjord,,NOR,1,1340.82006836,2025-03-07,2025-04-09,
Stal Mielec,,POL,1,1340.54650879,2025-03-09,2025-03-15,
CSKA Sofia,,BUL,1,1339.66162109,2025-03-09,2025-03-15,
FC Khimki,,RUS,1,1339.14794922,2025-03-09,2025-04-09,
Sion,,SUI,1,1338.78833008,2025-03-10,2025-03-16,
Aberdeen,,SCO,1,1338.77099609,2025-03-07,2025-03-15,
Kilmarnock,,SCO,1,1338.27319336,2025-03-07,2025-03-15,
OFI,,GRE,1,1338.07116699,2025-03-10,2025-04-09,
Grasshoppers,,SUI,1,1337.61047363,2025-03-09,2025-03-16,
Varnamo,,SWE,1,1334.91638184,2025-03-07,2025-04-09,
Widzew,,POL,1,1334.9119873,2025-03-10,2025-03-15,
Goeteborg,,SWE,1,1334.24987793,2025-03-07,2025-04-09,
Haugesund,,NOR,1,1333.94421387,2025-03-07,2025-04-09,
Martigues,,FRA,2,1333.7088623,2025-03-13,2025-03-14,
St Mirren,,SCO,1,1333.69458008,2025-03-07,2025-03-15,
Viitorul,,ROM,1,1333.69335938,2025-03-08,2025-03-15,
Beerschot AC,,BEL,1,1332.91772461,2025-03-13,2025-03-16,
Nizhny Novgorod,,RUS,1,1332.29968262,2025-03-08,2025-04-09,
KFUM Oslo,,NOR,1,1331.84985352,2025-03-07,2025-04-09,
Lubin,,POL,1,1330.80480957,2025-03-10,2025-03-16,
Puszcza Niepolomice,,POL,1,1330.08422852,2025-03-08,2025-03-16,
Varazdin,,CRO,1,1327.92175293,2025-03-09,2025-03-16,
Aalborg,,DEN,1,1326.32446289,2025-03-10,2025-03-16,
Ham-Kam,,NOR,1,1325.29943848,2025-03-07,2025-04-09,
Hermannstadt,,ROM,1,1324.70568848,2025-03-09,2025-03-16,
GAIS,,SWE,1,1324.69311523,2025-03-07,2025-04-09,
Klagenfurt,,AUT,1,1324.6427002,2025-03-10,2025-03-16,
Atromitos,,GRE,1,1322.44677734,2025-03-10,2025-04-09,
Istra 1961,,CRO,1,1321.98144531,2025-03-09,2025-03-15,
SonderjyskE,,DEN,1,1321.63171387,2025-03-10,2025-03-16,
Bodrum,,TUR,1,1320.25305176,2025-03-08,2025-03-16,
Dynamo Makhachkala,,RUS,1,1319.75720215,2025-03-09,2025-04-09,
Norrkoeping,,SWE,1,1318.01147461,2025-03-07,2025-04-09,
Kalmar,,SWE,1,1316.08898926,2025-03-07,2025-04-09,
Zorya,,UKR,1,1315.42724609,2025-03-12,2025-04-09,
Dundee United,,SCO,1,1315.40808105,2025-03-07,2025-03-16,
Karvina,,CZE,1,1314.81689453,2025-03-13,2025-03-16,
Motherwell,,SCO,1,1314.70910645,2025-03-07,2025-03-15,
Dunajska,,SLK,0,1314.55761719,2025-01-30,2025-04-09,
Kristiansund,,NOR,1,1311.98657227,2025-03-07,2025-04-09,
Vejle,,DEN,1,1311.30358887,2025-03-08,2025-03-16,
Slaven Belupo,,CRO,1,1310.38037109,2025-03-10,2025-03-14,
Netanya,,ISR,1,1310.31481934,2025-03-09,2025-03-15,
Asteras Tripolis,,GRE,1,1310.22961426,2025-03-10,2025-04-09,
Kryvbas,,UKR,1,1309.8190918,2025-03-07,2025-03-15,
Zrinjski Mostar,,BHZ,0,1309.50231934,2025-03-07,2025-04-09,
Zira,,AZE,0,1309.11206055,2025-01-31,2025-04-09,
Hapoel Jerusalem,,ISR,1,1307.84362793,2025-03-09,2025-03-15,
Polissya Zhytomyr,,UKR,1,1305.16162109,2025-03-12,2025-04-09,
Regensburg,,GER,2,1304.55236816,2025-03-13,2025-03-15,
Wisla,,POL,0,1303.61791992,2025-03-07,2025-04-09,
Panetolikos,,GRE,1,1302.73376465,2025-03-10,2025-04-09,
MTK,,HUN,1,1302.72106934,2025-03-09,2025-04-09,
Yverdon Sport,,SUI,1,1302.61621094,2025-03-09,2025-03-15,
Ross County,,SCO,1,1300.56896973,2025-03-07,2025-03-15,
Videoton,,HUN,1,1300.18066406,2025-03-08,2025-04-09,
Sabah,,AZE,0,1298.63781738,2025-01-31,2025-04-09,
Rukh Lviv,,UKR,1,1298.46777344,2025-03-09,2025-03-15,
Petrolul Ploiesti,,ROM,1,1298.18908691,2025-03-09,2025-03-14,
Brommapojkarna,,SWE,1,1297.23242188,2025-03-07,2025-04-09,
Gyoer,,HUN,1,1296.76086426,2025-03-09,2025-03-14,
UTA Arad,,ROM,1,1296.7232666,2025-03-11,2025-03-16,
Shamrock,,IRL,0,1295.79553223,2025-02-21,2025-04-09,
Pyunik,,ARM,0,1293.49389648,2025-01-01,2025-04-09,
Wattens,,AUT,1,1293.03417969,2025-03-10,2025-03-16,
Levadeiakos,,GRE,1,1292.76098633,2025-03-10,2025-04-09,
Lechia,,POL,1,1291.86865234,2025-03-10,2025-03-14,
FK Riga,,LAT,0,1289.60632324,2025-01-31,2025-04-09,
Pardubice,,CZE,1,1289.11364746,2025-03-10,2025-03-15,
Diosgyori,,HUN,1,1288.73510742,2025-03-09,2025-04-09,
Halmstad,,SWE,1,1288.38146973,2025-03-07,2025-04-09,
Lillestrom,,NOR,1,1288.16455078,2025-03-07,2025-04-09,
Winterthur,,SUI,1,1287.45007324,2025-03-09,2025-03-16,
Bravo,,SVN,1,1286.96887207,2025-03-12,2025-04-09,
Koper,,SVN,1,1286.36340332,2025-03-09,2025-04-09,
Sumqayit,,AZE,0,1285.55529785,2025-01-31,2025-04-09,
Odd Grenland,,NOR,1,1284.82128906,2025-03-07,2025-04-09,
Altach,,AUT,1,1284.45666504,2025-03-10,2025-03-16,
Adana Demirspor,,TUR,1,1280.38684082,2025-03-10,2025-04-09,
Vaduz,,LIE,0,1279.7935791,2025-03-07,2025-04-09,
Zalaegerszegi,,HUN,1,1279.14172363,2025-03-09,2025-04-09,
Kuopio,,FIN,0,1277.19067383,2025-01-01,2025-04-09,
RFS,,LAT,0,1274.02429199,2025-01-31,2025-04-09,
Hatayspor,,TUR,1,1274.02404785,2025-03-09,2025-03-16,
HNK Gorica,,CRO,1,1269.40563965,2025-03-10,2025-03-14,
Panserraikos,,GRE,1,1268.54760742,2025-03-10,2025-04-09,
Botosani,,ROM,1,1267.45507812,2025-03-11,2025-03-14,
GAK,,AUT,1,1267.17590332,2025-03-10,2025-03-16,
Kecskemeti,,HUN,1,1265.48339844,2025-03-08,2025-04-09,
St Patricks,,IRL,0,1264.93823242,2025-02-21,2025-04-09,
Noah,,ARM,0,1264.0534668,2025-01-01,2025-04-09,
Dundee,,SCO,1,1263.7364502,2025-03-07,2025-03-16,
Bnei Sakhinin,,ISR,1,1263.38989258,2025-03-09,2025-03-15,
Ujpest,,HUN,1,1262.48828125,2025-03-10,2025-03-14,
Borac Banja Luka,,BHZ,0,1260.03710938,2025-03-07,2025-03-13,
Otelul Galati,,ROM,1,1258.50537109,2025-03-08,2025-03-16,
Arda,,BUL,1,1258.33825684,2025-03-10,2025-03-16,
Vikingur,,ISL,0,1257.90405273,2025-02-21,2025-04-09,
Ashdod,,ISR,1,1256.37341309,2025-03-10,2025-04-09,
Debrecen,,HUN,1,1255.42553711,2025-03-10,2025-03-14,
Kiryat Shmona,,ISR,1,1251.27185059,2025-03-10,2025-03-15,
Veres,,UKR,1,1250.94067383,2025-03-12,2025-04-09,
Novi Sad,,SRB,1,1248.82299805,2025-03-10,2025-04-09,
St Johnstone,,SCO,1,1246.59204102,2025-03-07,2025-03-15,
Iasi,,ROM,1,1243.58984375,2025-03-08,2025-03-15,
Backa Topola,,SRB,1,1242.44055176,2025-03-09,2025-04-09,
FK Sarajevo,,BHZ,0,1241.83496094,2025-03-07,2025-04-09,
NFC Volos,,GRE,1,1241.53173828,2025-03-10,2025-04-09,
HJK Helsinki,,FIN,0,1239.10522461,2025-01-01,2025-04-09,
Shelbourne,,IRL,0,1238.70007324,2025-02-21,2025-04-09,
Dukla,,CZE,1,1238.55529785,2025-03-13,2025-03-15,
Aktobe,,KAZ,0,1237.74133301,2025-01-01,2025-04-09,
Kalithea,,GRE,1,1236.26013184,2025-03-10,2025-04-09,
Maccabi Bnei Raina,,ISR,1,1236.2487793,2025-03-09,2025-04-09,
LNZ,,UKR,1,1231.00585938,2025-03-07,2025-04-09,
Karpaty,,UKR,1,1229.68530273,2025-03-12,2025-04-09,
Ararat,,ARM,0,1229.59350586,2025-01-01,2025-04-09,
Kragujevac,,SRB,1,1229.13964844,2025-03-09,2025-03-14,
Tobol,,KAZ,0,1228.64819336,2025-01-01,2025-04-09,
Ironi Tiberias,,ISR,1,1228.12487793,2025-03-09,2025-03-15,
Derry City,,IRL,0,1226.78564453,2025-02-21,2025-04-09,
Nyiregyhaza,,HUN,1,1226.43713379,2025-03-09,2025-04-09,
Botev Plovdiv,,BUL,1,1225.61645508,2025-03-10,2025-03-16,
Mura,,SVN,1,1224.4810791,2025-03-13,2025-04-09,
Vorskla,,UKR,1,1221.82092285,2025-03-01,2025-03-15,
Corvinul Hunedoara,,ROM,0,1219.93615723,2025-03-07,2025-04-09,
Vaesteras,,SWE,1,1218.74072266,2025-03-07,2025-04-09,
Drita,,KOS,0,1217.79748535,2025-01-01,2025-04-09,
Kolos,,UKR,1,1217.10461426,2025-03-08,2025-04-09,
Cukaricki,,SRB,1,1216.67541504,2025-03-09,2025-04-09,
CSKA 1948 Sofia,,BUL,1,1214.81835938,2025-03-09,2025-03-16,
Dinamo Minsk,,BLR,0,1213.3963623,2025-01-01,2025-04-09,
Slavia Sofia,,BUL,1,1211.86755371,2025-03-10,2025-03-14,
Hapoel Eran Hadera,,ISR,1,1209.06481934,2025-03-09,2025-03-15,
Ilves Tampere,,FIN,0,1208.48547363,2025-01-01,2025-04-09,
Auda,,LAT,0,1208.2767334,2025-01-31,2025-04-09,
Lamia,,GRE,1,1207.68969727,2025-03-10,2025-04-09,
Velez Mostar,,BHZ,0,1207.35717773,2025-03-07,2025-04-09,
Zalgiris Vilnius,,LIT,0,1206.70324707,2025-01-01,2025-04-09,
Banants,,ARM,0,1205.81433105,2025-01-01,2025-04-09,
Ordabasy,,KAZ,0,1203.40258789,2025-01-01,2025-04-09,
Breidablik,,ISL,0,1202.88439941,2025-02-21,2025-04-09,
M Petach Tikva,,ISR,1,1202.59216309,2025-03-10,2025-03-15,
Obolon Kyiv,,UKR,1,1199.16918945,2025-03-12,2025-04-09,
Livyi Bereh,,UKR,1,1198.36669922,2025-03-08,2025-03-15,
Petrocub,,MOL,0,1196.45617676,2025-01-01,2025-04-09,
Valur,,ISL,0,1195.8840332,2025-02-21,2025-04-09,
Vaasa,,FIN,0,1189.03112793,2025-01-01,2025-04-09,
Unirea Slobozia,,ROM,1,1186.51000977,2025-03-11,2025-03-16,
Liepajas,,LAT,0,1185.72998047,2025-01-31,2025-04-09,
Sibenik,,CRO,1,1185.609375,2025-03-08,2025-03-15,
Beroe Stara Zagora,,BUL,1,1185.44970703,2025-03-09,2025-03-14,
Ballkani,,KOS,0,1184.97155762,2025-01-01,2025-04-09,
Radomlje,,SVN,1,1183.60229492,2025-03-12,2025-04-09,
Lok Plovdiv,,BUL,1,1182.28479004,2025-03-09,2025-03-14,
Ceske Budejovice,,CZE,1,1181.4708252,2025-03-09,2025-03-16,
Saburtalo,,GEO,0,1178.19897461,2025-01-01,2025-04-09,
Primorje,,SVN,1,1177.93127441,2025-03-13,2025-04-09,
Shkendija,,MAC,0,1177.32739258,2025-01-01,2025-04-09,
Chernomorets,,UKR,1,1173.9576416,2025-03-07,2025-04-09,
Gloria Buzau,,ROM,1,1171.92834473,2025-03-10,2025-03-17,
Milsami Orhei,,MOL,0,1169.62426758,2025-01-01,2025-04-09,
Inhulets,,UKR,1,1168.09680176,2025-03-09,2025-04-09,
Stjarnan,,ISL,0,1165.37646484,2025-02-21,2025-04-09,
Levski Krumovgrad,,BUL,1,1165.31860352,2025-03-08,2025-03-14,
Torpedo Kutaisi,,GEO,0,1164.16381836,2025-01-01,2025-04-09,
Klaksvik,,FAR,0,1159.95324707,2025-01-01,2025-04-09,
Partizani Tirana,,ALB,0,1156.84179688,2025-01-01,2025-04-09,
Mladost Lucani,,SRB,1,1156.7364502,2025-03-10,2025-04-09,
Zimbru,,MOL,0,1155.95031738,2025-01-01,2025-04-09,
Novi Pazar,,SRB,1,1151.39794922,2025-03-09,2025-04-09,
Spartak Varna,,BUL,1,1144.16662598,2025-03-09,2025-03-16,
Batumi,,GEO,0,1143.13012695,2025-01-01,2025-04-09,
Flora Tallinn,,EST,0,1142.63122559,2025-01-01,2025-04-09,
Domzale,,SVN,1,1139.6229248,2025-03-09,2025-03-13,
Egnatia,,ALB,0,1135.38818359,2025-01-01,2025-04-09,
Zlatibor,,SRB,1,1133.68078613,2025-03-08,2025-04-09,
Zeleznicar Pancevo,,SRB,1,1133.14892578,2025-03-13,2025-04-09,
Lok Sofia,,BUL,1,1128.41943359,2025-03-10,2025-03-15,
Panevezys,,LIT,0,1127.44165039,2025-01-01,2025-04-09,
The New Saints,,WAL,0,1127.13720703,2025-01-01,2025-04-09,
Septemvri Sofia,,BUL,1,1126.27172852,2025-03-11,2025-03-16,
TransINVEST,,LIT,0,1124.7097168,2025-01-01,2025-04-09,
Vllaznia,,ALB,0,1117.92810059,2025-01-01,2025-04-09,
Neman Grodno,,BLR,0,1115.80456543,2025-01-01,2025-04-09,
Nafta,,SVN,1,1115.20861816,2025-03-09,2025-03-13,
Tikves,,MAC,0,1114.75292969,2025-01-01,2025-04-09,
Tirana,,ALB,0,1114.69067383,2025-01-01,2025-04-09,
Krusevac,,SRB,1,1108.95593262,2025-03-09,2025-04-09,
Isloch,,BLR,0,1107.75524902,2025-01-01,2025-04-09,
Dinamo Tbilisi,,GEO,0,1106.90856934,2025-01-01,2025-04-09,
OFK,,SRB,1,1106.74475098,2025-03-13,2025-04-09,
IMT,,SRB,1,1106.67895508,2025-03-10,2025-03-15,
Siauliai,,LIT,0,1105.91015625,2025-01-01,2025-04-09,
Linfield,,NIR,0,1102.65942383,2025-01-01,2025-04-09,
Hamrun,,MLT,0,1098.66833496,2025-01-01,2025-04-09,
Struga,,MAC,0,1087.32653809,2025-01-01,2025-04-09,
Mornar,,MNT,0,1085.00390625,2025-01-01,2025-04-09,
Niedercorn,,LUX,0,1084.9855957,2025-01-01,2025-04-09,
Decic,,MNT,0,1084.34790039,2025-01-01,2025-04-09,
Nis,,SRB,1,1083.24060059,2025-03-09,2025-04-09,
Dudelange,,LUX,0,1081.26477051,2025-01-01,2025-04-09,
Llapi,,KOS,0,1075.31604004,2025-01-01,2025-04-09,
Torpedo Zhodino,,BLR,0,1075.11975098,2025-01-01,2025-04-09,
Paide Linnameeskond,,EST,0,1074.60168457,2025-01-01,2025-04-09,
Crusaders,,NIR,0,1074.38952637,2025-01-01,2025-04-09,
B 36 Torshavn,,FAR,0,1067.34130859,2025-01-01,2025-04-09,
Una Strassen,,LUX,0,1066.4753418,2025-01-01,2025-04-09,
Differdang,,LUX,0,1065.87243652,2025-01-01,2025-04-09,
Gota,,FAR,0,1061.19055176,2025-01-01,2025-04-09,
Malisheva,,KOS,0,1059.91247559,2025-01-01,2025-04-09,
Larne,,NIR,0,1053.89489746,2025-01-01,2025-04-09,
Floriana,,MLT,0,1053.81933594,2025-01-01,2025-04-09,
HB Torshavn,,FAR,0,1050.90234375,2025-01-01,2025-04-09,
Cliftonville,,NIR,0,1050.16418457,2025-01-01,2025-04-09,
Marsaxlokk,,MLT,0,1048.00817871,2025-01-01,2025-04-09,
FC Infonet,,EST,0,1047.51000977,2025-01-01,2025-04-09,
Kalev,,EST,0,1044.25756836,2025-01-01,2025-04-09,
Tekstilac Odzaci,,SRB,1,1042.13037109,2025-03-08,2025-03-15,
Sliema Wanderers,,MLT,0,1039.95922852,2025-01-01,2025-04-09,
Botev Vratsa,,BUL,1,1038.47277832,2025-03-08,2025-03-15,
Podgorica,,MNT,0,1037.45458984,2025-01-01,2025-04-09,
Hebar,,BUL,1,1032.25183105,2025-03-11,2025-03-15,
Jedinstvo Ub,,SRB,1,1014.95166016,2025-03-10,2025-03-14,
Caernarfon Town,,WAL,0,1006.66442871,2025-01-01,2025-04-09,
Bala,,WAL,0,995.759460449,2025-01-01,2025-04-09,
Connahs Quay,,WAL,0,995.107849121,2025-01-01,2025-04-09,
Escaldes,,AND,0,965.057250977,2025-01-01,2025-04-09,
Lincoln,,GIB,0,963.252685547,2025-01-01,2025-04-09,
St Josephs,,GIB,0,907.828308105,2025-01-01,2025-04-09,
Escale,,AND,0,901.204467773,2025-01-01,2025-04-09,
FCB Magpies,,GIB,0,896.844543457,2025-01-01,2025-04-09,
Atletic Club Escaldes,,AND,0,879.769836426,2025-01-01,2025-04-09,
SS Virtus,,SMR,0,708.074829102,2025-01-01,2025-04-09,
Tre Penne,,SMR,0,695.420898438,2025-01-01,2025-04-09,
La Fiorita,,SMR,0,690.110168457,2025-01-01,2025-04-09,
